JobTitle,Company,Experience,Salary,Location,Review Count,Job URL
Senior Java Developer- Pune  Immediate joiners,Virtusa Consulting Services,5-10 Yrs,Not disclosed,"Kolkata, Hyderabad/Secunderabad, Pune, Ahmedabad, Chennai, Bangalore/Bengaluru, Delhi / NCR, Mumbai (All Areas)",(1139 Reviews),https://www.naukri.com/job-listings-senior-java-developer-pune-immediate-joiners-virtusa-consulting-services-pvt-ltd-kolkata-hyderabad-secunderabad-pune-ahmedabad-chennai-bangalore-bengaluru-delhi-ncr-mumbai-all-areas-5-to-10-years-060921009700?src=jobsearchDesk&sid=16343186322102354&xp=1&px=1
Senior Manager - Java Developer,Firstsource Solutions Limited,5-10 Yrs,Not disclosed,"Hyderabad/Secunderabad, Chennai, Bangalore/Bengaluru",(1929 Reviews),https://www.naukri.com/job-listings-senior-manager-java-developer-firstsource-solutions-limited-hyderabad-secunderabad-chennai-bangalore-bengaluru-5-to-10-years-151021001600?src=jobsearchDesk&sid=16343186322102354&xp=2&px=1
Java Developer For PAN India (Urgent Need),Future Focus Infotech Pvt. Ltd.,2-5 Yrs,Not disclosed,"Bhubaneswar, Kolkata, Hyderabad/Secunderabad, Pune, Ahmedabad, Chennai, Bangalore/Bengaluru, Delhi / NCR, Mumbai (All Areas)(WFH during Covid)",(428 Reviews),https://www.naukri.com/job-listings-java-developer-for-pan-india-urgent-need-future-focus-infotech-pvt-ltd-bhubaneswar-kolkata-hyderabad-secunderabad-pune-ahmedabad-chennai-bangalore-bengaluru-delhi-ncr-mumbai-all-areas-2-to-5-years-131021004576?src=jobsearchDesk&sid=16343186322102354&xp=3&px=1
HCL Technologies- Hiring For Sr. Java Developers,HCL Technologies Ltd,2-5 Yrs,"5,00,000 - 9,00,000 PA.","Noida, Hyderabad/Secunderabad, Pune, Chennai, Bangalore/Bengaluru",(12894 Reviews),https://www.naukri.com/job-listings-hcl-technologies-hiring-for-sr-java-developers-hcl-technologies-ltd-noida-hyderabad-secunderabad-pune-chennai-bangalore-bengaluru-2-to-5-years-070921002025?src=jobsearchDesk&sid=16343186322102354&xp=4&px=1
Opportunity For Java developer with performance Engineering/Monitoring,Virtusa Consulting Services,8-10 Yrs,"14,00,000 - 24,00,000 PA.","Hyderabad/Secunderabad, Bangalore/Bengaluru(WFH during Covid)",(1139 Reviews),https://www.naukri.com/job-listings-opportunity-for-java-developer-with-performance-engineering-monitoring-virtusa-consulting-services-pvt-ltd-hyderabad-secunderabad-bangalore-bengaluru-8-to-10-years-131021003275?src=jobsearchDesk&sid=16343186322102354&xp=5&px=1
Software Engineer - Java Developer (5-8 Yrs) - Hyderabad,CRESCENDO GLOBAL LEADERSHIP HIRING INDIA PRIVATE L IMITED,5-8 Yrs,Not disclosed,Hyderabad/Secunderabad,(77 Reviews),https://www.naukri.com/job-listings-software-engineer-java-developer-5-8-yrs-hyderabad-crescendo-global-leadership-hiring-india-private-l-imited-hyderabad-secunderabad-5-to-8-years-141021005307?src=jobsearchDesk&sid=16343186322102354&xp=6&px=1
Java Developer,Avantha Technologies Limited,3-6 Yrs,Not disclosed,"Hyderabad/Secunderabad, Bangalore/Bengaluru",(53 Reviews),https://www.naukri.com/job-listings-java-developer-avantha-technologies-limited-hyderabad-secunderabad-bangalore-bengaluru-3-to-6-years-141021000619?src=jobsearchDesk&sid=16343186322102354&xp=7&px=1
Java Developer/ Lead,ACCOLITE DIGITAL INDIA PRIVATE LIMITED,3-8 Yrs,Not disclosed,"Hyderabad/Secunderabad, Chennai, Bangalore/Bengaluru",(69 Reviews),https://www.naukri.com/job-listings-java-developer-lead-accolite-digital-india-private-limited-hyderabad-secunderabad-chennai-bangalore-bengaluru-3-to-8-years-151021601611?src=jobsearchDesk&sid=16343186322102354&xp=8&px=1
Java Developer/ Lead,ACCOLITE DIGITAL INDIA PRIVATE LIMITED,3-8 Yrs,Not disclosed,"Hyderabad/Secunderabad, Chennai, Bangalore/Bengaluru",(69 Reviews),https://www.naukri.com/job-listings-java-developer-lead-accolite-digital-india-private-limited-hyderabad-secunderabad-chennai-bangalore-bengaluru-3-to-8-years-151021001609?src=jobsearchDesk&sid=16343186322102354&xp=9&px=1
Immediate Job opportunity For Java developer,Virtusa Consulting Services Pvt Ltd,4-6 Yrs,"6,00,000 - 11,00,000 PA.",Hyderabad/Secunderabad,(1140 Reviews),https://www.naukri.com/job-listings-immediate-opportunity-for-java-developer-virtusa-consulting-services-pvt-ltd-hyderabad-secunderabad-4-to-6-years-081021002278?src=jobsearchDesk&sid=16343186322102354&xp=10&px=1
Java Developer,Artech Infosystems Pvt. Ltd. ,3-8 Yrs,Not disclosed,"Hyderabad/Secunderabad, Chennai, Bangalore/Bengaluru(WFH during Covid)",No Reviews,https://www.naukri.com/job-listings-java-developer-artech-infosystems-pvt-ltd-hyderabad-secunderabad-chennai-bangalore-bengaluru-3-to-8-years-131021006606?src=jobsearchDesk&sid=16343186322102354&xp=11&px=1
Tcs is hiring For Java developer with Spring boot & Microservices,Tata Consultancy Services Ltd.,4-9 Yrs,Not disclosed,"Kochi/Cochin, Kolkata, Hyderabad/Secunderabad, Pune, Chennai, Bangalore/Bengaluru, Delhi / NCR, Trivandrum/Thiruvananthapuram, Mumbai (All Areas)",(24461 Reviews),https://www.naukri.com/job-listings-tcs-is-hiring-for-java-developer-with-spring-boot-microservices-tata-consultancy-services-ltd-kochi-cochin-kolkata-hyderabad-secunderabad-pune-chennai-bangalore-bengaluru-delhi-ncr-trivandrum-thiruvananthapuram-4-to-9-years-141021004710?src=jobsearchDesk&sid=16343186322102354&xp=12&px=1
Java Developer,GENPACT India Private Limited,4-8 Yrs,Not disclosed,"Noida, Hyderabad/Secunderabad, Bangalore/Bengaluru(WFH during Covid)",(11356 Reviews),https://www.naukri.com/job-listings-java-developer-genpact-india-private-limited-noida-hyderabad-secunderabad-bangalore-bengaluru-4-to-8-years-121021005983?src=jobsearchDesk&sid=16343186322102354&xp=13&px=1
Java Developer,Tech Mahindra Ltd.,5-10 Yrs,Not disclosed,"Hyderabad/Secunderabad, Pune, Chennai, Bangalore/Bengaluru(WFH during Covid)",(12225 Reviews),https://www.naukri.com/job-listings-java-developer-tech-mahindra-ltd-hyderabad-secunderabad-pune-chennai-bangalore-bengaluru-5-to-10-years-081021003909?src=jobsearchDesk&sid=16343186322102354&xp=14&px=1
Java developer with Springboot_Restfull_HYD/Bang_Immediate,Tech Mahindra Ltd.,3-8 Yrs,"4,00,000 - 9,00,000 PA.","Hyderabad/Secunderabad, Bangalore/Bengaluru(WFH during Covid)",(12225 Reviews),https://www.naukri.com/job-listings-java-developer-with-springboot-restfull-hyd-bang-immediate-tech-mahindra-ltd-hyderabad-secunderabad-bangalore-bengaluru-3-to-8-years-041021002136?src=jobsearchDesk&sid=16343186322102354&xp=15&px=1
Java Full Stack (Senior Java Developer),Wipro Infotech,4-9 Yrs,"10,00,000 - 20,00,000 PA.","Hyderabad/Secunderabad, Pune, Chennai, Bangalore/Bengaluru",(13757 Reviews),https://www.naukri.com/job-listings-java-full-stack-senior-java-developer-wipro-infotech-a-division-of-wipro-limited-hyderabad-secunderabad-pune-chennai-bangalore-bengaluru-4-to-9-years-160521001049?src=jobsearchDesk&sid=16343186322102354&xp=16&px=1
Senior Java Developer,HCL Technologies Ltd,6-8 Yrs,"5,00,000 - 10,00,000 PA.","Noida, Hyderabad/Secunderabad, Pune, Chennai, Bangalore/Bengaluru",(12894 Reviews),https://www.naukri.com/job-listings-senior-java-developer-hcl-technologies-ltd-noida-hyderabad-secunderabad-pune-chennai-bangalore-bengaluru-6-to-8-years-051021007704?src=jobsearchDesk&sid=16343186322102354&xp=17&px=1
Senior Java Developer,Oracle India Pvt. Ltd.,5-10 Yrs,Not disclosed,"Hyderabad/Secunderabad, Bangalore/Bengaluru",(2015 Reviews),https://www.naukri.com/job-listings-senior-java-developer-oracle-india-pvt-ltd-hyderabad-secunderabad-bangalore-bengaluru-5-to-10-years-031021000160?src=jobsearchDesk&sid=16343186322102354&xp=18&px=1
Senior Java Developer,Oracle India Pvt. Ltd.,5-10 Yrs,Not disclosed,"Hyderabad/Secunderabad, Bangalore Rural, Bangalore/Bengaluru, Bangalore, Karnataka",(2015 Reviews),https://www.naukri.com/job-listings-senior-java-developer-oracle-india-pvt-ltd-hyderabad-secunderabad-bangalore-rural-bangalore-bengaluru-bangalore-karnataka-5-to-10-years-021021001640?src=jobsearchDesk&sid=16343186322102354&xp=19&px=1
Java Developer / Sr. Developer,TREJHARA SOLUTIONS LIMITED,3-8 Yrs,"2,50,000 - 7,50,000 PA.","Hyderabad/Secunderabad, Pune, Chennai, Bangalore/Bengaluru, Delhi / NCR, Mumbai (All Areas)",(10 Reviews),https://www.naukri.com/job-listings-java-developer-sr-developer-trejhara-solutions-limited-hyderabad-secunderabad-pune-chennai-bangalore-bengaluru-delhi-ncr-mumbai-all-areas-3-to-8-years-121021002603?src=jobsearchDesk&sid=16343186322102354&xp=20&px=1
Java Developer,HTC Global Services (India) Pvt. Ltd.,4-7 Yrs,Not disclosed,"Hyderabad/Secunderabad, Chennai, Bangalore/Bengaluru",(482 Reviews),https://www.naukri.com/job-listings-java-developer-htc-global-services-india-pvt-ltd-hyderabad-secunderabad-chennai-bangalore-bengaluru-4-to-7-years-081021500725?src=jobsearchDesk&sid=16343186433781467&xp=1&px=2
Java Developer + DevOps,Virtusa Consulting Services,6-11 Yrs,Not disclosed,"Kolkata, Hyderabad/Secunderabad, Pune, Ahmedabad, Chennai, Bangalore/Bengaluru, Delhi / NCR, Mumbai (All Areas)(WFH during Covid)",(1139 Reviews),https://www.naukri.com/job-listings-java-developer-devops-virtusa-consulting-services-pvt-ltd-kolkata-hyderabad-secunderabad-pune-ahmedabad-chennai-bangalore-bengaluru-delhi-ncr-mumbai-all-areas-6-to-11-years-051021000485?src=jobsearchDesk&sid=16343186433781467&xp=2&px=2
Senior Java Developer,Mphasis Limited,3-6 Yrs,Not disclosed,"Hyderabad/Secunderabad, Pune, Bangalore/Bengaluru(WFH during Covid)",(3166 Reviews),https://www.naukri.com/job-listings-senior-java-developer-mphasis-limited-hyderabad-secunderabad-pune-bangalore-bengaluru-3-to-6-years-041021008644?src=jobsearchDesk&sid=16343186433781467&xp=3&px=2
Java Developer,Snaphunt,3-5 Yrs,"4,00,000 - 7,00,000 PA.",Hyderabad/Secunderabad,No Reviews,https://www.naukri.com/job-listings-java-developer-snaphunt-hyderabad-secunderabad-3-to-5-years-151021001511?src=jobsearchDesk&sid=16343186433781467&xp=4&px=2
Core Java Developer,HCL Technologies Ltd,3-6 Yrs,"1,00,000 - 6,00,000 PA.","Noida, Hyderabad/Secunderabad, Pune, Chennai, Bangalore/Bengaluru",(12894 Reviews),https://www.naukri.com/job-listings-core-java-developer-hcl-technologies-ltd-noida-hyderabad-secunderabad-pune-chennai-bangalore-bengaluru-3-to-6-years-051021007792?src=jobsearchDesk&sid=16343186433781467&xp=5&px=2
Jr Core Java Developers/ Jr Java Microservices Developer,Tech Mahindra Ltd.,1-3 Yrs,Not disclosed,"Hyderabad/Secunderabad, Pune, Bangalore/Bengaluru",(12225 Reviews),https://www.naukri.com/job-listings-jr-core-java-developers-jr-java-microservices-developer-tech-mahindra-ltd-hyderabad-secunderabad-pune-bangalore-bengaluru-1-to-3-years-061021005393?src=jobsearchDesk&sid=16343186433781467&xp=6&px=2
Java Developer (New Relic APM tool only),Tech Mahindra,5-10 Yrs,Not disclosed,"Hyderabad/Secunderabad, Chennai(WFH during Covid)",(12233 Reviews),https://www.naukri.com/job-listings-java-developer-new-relic-apm-tool-only-tech-mahindra-ltd-hyderabad-secunderabad-chennai-5-to-10-years-141021000468?src=jobsearchDesk&sid=16343186433781467&xp=7&px=2
Core Java Developer,Future Focus Infotech Pvt. Ltd.,4-7 Yrs,Not disclosed,"Hyderabad/Secunderabad, Pune, Ahmedabad, Chennai, Bangalore/Bengaluru, Delhi / NCR",(428 Reviews),https://www.naukri.com/job-listings-core-java-developer-future-focus-infotech-pvt-ltd-hyderabad-secunderabad-pune-ahmedabad-chennai-bangalore-bengaluru-delhi-ncr-4-to-7-years-061021003380?src=jobsearchDesk&sid=16343186433781467&xp=8&px=2
Mid/Senior Java Developer,Lingaro Sp. z o.o.,2-7 Yrs,Not disclosed,Remote,No Reviews,https://www.naukri.com/job-listings-mid-senior-java-developer-lingaro-sp-z-o-o-hyderabad-secunderabad-2-to-7-years-141021002087?src=jobsearchDesk&sid=16343186433781467&xp=9&px=2
Looking For Java Developers / Sr. Developers & Leads,Techwave Consulting  India Prviate Limited,5-10 Yrs,Not disclosed,Hyderabad/Secunderabad,(109 Reviews),https://www.naukri.com/job-listings-looking-for-java-developers-sr-developers-leads-techwave-consulting-india-prviate-limited-hyderabad-secunderabad-5-to-10-years-141021002412?src=jobsearchDesk&sid=16343186433781467&xp=10&px=2
Senior Java Developer,Motivity Labs Private Ltd.,5-10 Yrs,Not disclosed,Hyderabad/Secunderabad,(22 Reviews),https://www.naukri.com/job-listings-senior-java-developer-motivity-labs-private-ltd-hyderabad-secunderabad-5-to-10-years-111021008348?src=jobsearchDesk&sid=16343186433781467&xp=11&px=2
Senior Java Developer,QuickSchools,10-20 Yrs,"14,00,000 - 24,00,000 PA.",Remote,No Reviews,https://www.naukri.com/job-listings-senior-java-developer-quickschools-hyderabad-secunderabad-10-to-20-years-080921008964?src=jobsearchDesk&sid=16343186433781467&xp=12&px=2
Senior Java Developer - Hyderabad For Cloud Team,Oracle India Pvt. Ltd.,3-8 Yrs,Not disclosed,Hyderabad/Secunderabad,(2015 Reviews),https://www.naukri.com/job-listings-senior-java-developer-hyderabad-for-cloud-team-oracle-india-pvt-ltd-hyderabad-secunderabad-3-to-8-years-051021009769?src=jobsearchDesk&sid=16343186433781467&xp=13&px=2
Java Developer (WFH),Empower Recruitments ,3-5 Yrs,"10,00,000 - 15,00,000 PA.","Kolkata, Mumbai, Hyderabad/Secunderabad, Ahmedabad, Chennai, Bangalore/Bengaluru, india",No Reviews,https://www.naukri.com/job-listings-java-developer-wfh-empower-recruitments-kolkata-mumbai-hyderabad-secunderabad-ahmedabad-chennai-bangalore-bengaluru-india-3-to-5-years-131021601315?src=jobsearchDesk&sid=16343186433781467&xp=14&px=2
JAVA DEVELOPER IMMEDIATE OPENINGS For HYDERABAD LOCATION.,Future Focus Infotech Pvt. Ltd.,3-8 Yrs,Not disclosed,"Hyderabad/Secunderabad, India",(428 Reviews),https://www.naukri.com/job-listings-java-developer-immediate-openings-for-hyderabad-location-future-focus-infotech-pvt-ltd-hyderabad-secunderabad-india-2-to-6-years-121021002126?src=jobsearchDesk&sid=16343186433781467&xp=15&px=2
Senior AI / ML Developer ( Java / Python ) - Oracle Cloud Team,Oracle India Pvt. Ltd.,6-11 Yrs,Not disclosed,"Noida, Hyderabad/Secunderabad, Bangalore/Bengaluru",(2015 Reviews),https://www.naukri.com/job-listings-senior-ai-ml-developer-java-python-oracle-cloud-team-oracle-india-pvt-ltd-noida-hyderabad-secunderabad-bangalore-bengaluru-6-to-11-years-131021009810?src=jobsearchDesk&sid=16343186433781467&xp=16&px=2
Senior Java Developer,Tech Mahindra Ltd.,5-10 Yrs,"5,00,000 - 14,00,000 PA.","Hyderabad/Secunderabad, Pune",(12225 Reviews),https://www.naukri.com/job-listings-senior-java-developer-tech-mahindra-ltd-hyderabad-secunderabad-pune-5-to-10-years-081021003793?src=jobsearchDesk&sid=16343186433781467&xp=17&px=2
Developer/Sr. Developer- Java/J2EE with SQL,Genpact,4-8 Yrs,Not disclosed,"Hyderabad/Secunderabad, Bangalore/Bengaluru, Delhi / NCR",(11356 Reviews),https://www.naukri.com/job-listings-developer-sr-developer-java-j2ee-with-sql-genpact-hyderabad-secunderabad-bangalore-bengaluru-delhi-ncr-4-to-8-years-081021001861?src=jobsearchDesk&sid=16343186433781467&xp=18&px=2
Java  Developer Immediate Joiners only C2H,Teamlease Servcies limited,3-8 Yrs,Not disclosed,"Hyderabad/Secunderabad, Bangalore/Bengaluru",(1290 Reviews),https://www.naukri.com/job-listings-java-developer-immediate-joiners-only-c2h-teamlease-servcies-limited-hyderabad-secunderabad-bangalore-bengaluru-3-to-8-years-141220006507?src=jobsearchDesk&sid=16343186433781467&xp=19&px=2
Java Developer,Perficient India Private Limited,2-7 Yrs,"5,00,000 - 15,00,000 PA.","Hyderabad/Secunderabad, Chennai, Bangalore/Bengaluru(WFH during Covid)",(65 Reviews),https://www.naukri.com/job-listings-java-developer-perficient-india-private-limited-hyderabad-secunderabad-chennai-bangalore-bengaluru-2-to-7-years-141021005970?src=jobsearchDesk&sid=16343186433781467&xp=20&px=2
